{"count":1,"self":11.204310399999999,"total":11.2273163,"children":{"AgentResetIfDone":{"count":449,"self":0.0005291,"total":0.0005291,"children":null},"AgentSendState":{"count":449,"self":0.0010808999999999999,"total":0.0058947999999999995,"children":{"CollectObservations":{"count":449,"self":0.0048138999999999994,"total":0.0048138999999999994,"children":null}}},"DecideAction":{"count":449,"self":0.0029953,"total":0.0029953,"children":null},"AcademyStep":{"count":449,"self":0.0105892,"total":0.0105892,"children":null},"AgentAct":{"count":449,"self":0.0009991,"total":0.0009991,"children":null}}}