{"count":1,"self":21.0194848,"total":21.4886871,"children":{"AgentResetIfDone":{"count":349,"self":0.0012845999999999999,"total":0.0012845999999999999,"children":null},"AgentSendState":{"count":349,"self":0.0059943999999999996,"total":0.0304888,"children":{"CollectObservations":{"count":70,"self":0.0244944,"total":0.0244944,"children":null}}},"DecideAction":{"count":349,"self":0.40745139999999996,"total":0.40745139999999996,"children":null},"AcademyStep":{"count":349,"self":0.0229767,"total":0.0229767,"children":null},"AgentAct":{"count":349,"self":0.0040003,"total":0.0040003,"children":null}}}