{"count":1,"self":0.21899449999999998,"total":0.2209929,"children":null}